sequence,efficiency
GGGGGGGGGGGGGGGGGG,0.85
ATCGATCGATCGATCGAT,0.72
AAAAAAAAAAAAAAAAAAA,0.45
TTTTTTTTTTTTTTTTTT,0.38
CCCCCCCCCCCCCCCCCC,0.91
ATATATATATATATATAT,0.67
CGCGCGCGCGCGCGCGCG,0.83
TATATATATATATATATAT,0.59
GCGCGCGCGCGCGCGCGC,0.88
AGAGAGAGAGAGAGAGAG,0.74
CTCTCTCTCTCTCTCTCT,0.79
GAGAGAGAGAGAGAGAGA,0.76
TCATCATCATCATCATCA,0.65
AGTCAGTCAGTCAGTCAG,0.71
CGATCGATCGATCGATCG,0.73
TGACTGACTGACTGACTG,0.68
ACGTACGTACGTACGTAC,0.77
GTCAGTCAGTCAGTCAGT,0.69
CATGCATGCATGCATGCA,0.64
TAGCTAGCTAGCTAGCTA,0.66
GCTAAGCTAAGCTAAGCT,0.75
AATGCAATGCAATGCAAT,0.62
TTAACCTTAACCTTAACC,0.58
GGCCGGCCGGCCGGCCGG,0.89
CCAATTCCAATTCCAATT,0.61
AATTGGAATTGGAATTGG,0.56
TTGGCCTTGGCCTTGGCC,0.54
GGCCTTGGCCTTGGCCTT,0.53
CCTTGGCCTTGGCCTTGG,0.57
TTGGAATTGGAATTGGAA,0.55
GGAATTGGAATTGGAATT,0.60
AATTCCAATTCCAATTCC,0.63
TTCCGGTTCCGGTTCCGG,0.81
CCGGAACCGGAACCGGAA,0.84
GGAACCGGAACCGGAACC,0.86
AACCTTAACCTTAACCTT,0.52
CCTTAACCTTAACCTTAA,0.51
TTAACCTTAACCTTAACC,0.50
AACCGGAACCGGAACCGG,0.87
CCGGTTCCGGTTCCGGTT,0.82
GGTTCCGGTTCCGGTTCC,0.80
TTCCAATTCCAATTCCAA,0.59
CCAATTCCAATTCCAATT,0.61
AATTGGAATTGGAATTGG,0.56
TTGGCCTTGGCCTTGGCC,0.54
GGCCAATTGGCCAATTGG,0.58
CCAATTGGCCAATTGGCC,0.55
AATTGGCCAATTGGCCAA,0.57
TTGGCCAATTGGCCAATT,0.56
GGCCGGTTGGCCGGTTGG,0.85
CCGGTTGGCCGGTTGGCC,0.83
GGTTGGCCGGTTGGCCGG,0.84
TTGGCCGGTTGGCCGGTT,0.82
GGCCGGAACCGGCCGGAA,0.88
CCGGAACCGGCCGGAACC,0.89
GGAACCGGCCGGAACCGG,0.90
AACCGGCCGGAACCGGCC,0.87
CCGGCCGGAACCGGCCGG,0.91
GGCCGGCCGGAACCGGCC,0.92
CCGGCCGGCCGGAACCGG,0.93
GGCCGGCCGGCCGGAACC,0.94
CCGGCCGGCCGGCCGGAA,0.95
GGCCGGCCGGCCGGCCGG,0.96
ATCGATCGATCGATCGAT,0.72
TCGATCGATCGATCGATC,0.73
CGATCGATCGATCGATCG,0.74
GATCGATCGATCGATCGA,0.75
ATCGATCGATCGATCGAT,0.72
TCGATCGATCGATCGATC,0.73
CGATCGATCGATCGATCG,0.74
GATCGATCGATCGATCGA,0.75
ATCGATCGATCGATCGAT,0.72
TCGATCGATCGATCGATC,0.73
CGATCGATCGATCGATCG,0.74
GATCGATCGATCGATCGA,0.75
AAATTTCCCGGGAAATTT,0.68
AATTTCCCGGGAAATTTC,0.69
ATTTCCCGGGAAATTTCC,0.70
TTTCCCGGGAAATTTCCC,0.71
TTCCCGGGAAATTTCCCG,0.72
TCCCGGGAAATTTCCCGG,0.73
CCCGGGAAATTTCCCGGG,0.74
CCGGGAAATTTCCCGGGA,0.75
CGGGAAATTTCCCGGGAA,0.76
GGGAAATTTCCCGGGAAA,0.77
GGAAATTTCCCGGGAAAT,0.78
GAAATTTCCCGGGAAATT,0.79
AAATTTCCCGGGAAATTT,0.80
AATTTCCCGGGAAATTTC,0.69
ATTTCCCGGGAAATTTCC,0.70
TTTCCCGGGAAATTTCCC,0.71
TTCCCGGGAAATTTCCCG,0.72
TCCCGGGAAATTTCCCGG,0.73
CCCGGGAAATTTCCCGGG,0.74
CCGGGAAATTTCCCGGGA,0.75
CGGGAAATTTCCCGGGAA,0.76
GGGAAATTTCCCGGGAAA,0.77
GGAAATTTCCCGGGAAAT,0.78
GAAATTTCCCGGGAAATT,0.79
AAATTTCCCGGGAAATTT,0.80
GCTAGCTAGCTAGCTAGC,0.81
CTAGCTAGCTAGCTAGCT,0.82
TAGCTAGCTAGCTAGCTA,0.83
AGCTAGCTAGCTAGCTAG,0.84
GCTAGCTAGCTAGCTAGC,0.81
CTAGCTAGCTAGCTAGCT,0.82
TAGCTAGCTAGCTAGCTA,0.83
AGCTAGCTAGCTAGCTAG,0.84
ATGCATGCATGCATGCAT,0.65
TGCATGCATGCATGCATG,0.66
GCATGCATGCATGCATGC,0.67
CATGCATGCATGCATGCA,0.68
ATGCATGCATGCATGCAT,0.65
TGCATGCATGCATGCATG,0.66
GCATGCATGCATGCATGC,0.67
CATGCATGCATGCATGCA,0.68
ATCGATCGATCGATCGAT,0.72
TCGATCGATCGATCGATC,0.73
CGATCGATCGATCGATCG,0.74
GATCGATCGATCGATCGA,0.75
ATCGATCGATCGATCGAT,0.72
TCGATCGATCGATCGATC,0.73
CGATCGATCGATCGATCG,0.74
GATCGATCGATCGATCGA,0.75
GGCGCGCGCGCGCGCGCG,0.91
GCGCGCGCGCGCGCGCGC,0.92
CGCGCGCGCGCGCGCGCG,0.93
GCGCGCGCGCGCGCGCGC,0.92
CGCGCGCGCGCGCGCGCG,0.93
GCGCGCGCGCGCGCGCGC,0.92
CGCGCGCGCGCGCGCGCG,0.93
GCGCGCGCGCGCGCGCGC,0.92
CGCGCGCGCGCGCGCGCG,0.93
AAATTTAAATTTAAATTT,0.48
AATTTAAATTTAAATTAA,0.49
ATTTAAATTTAAATTAAA,0.50
TTTAAATTTAAATTAAAT,0.51
TTAAATTTAAATTAAATT,0.52
TAAATTTAAATTAAATTT,0.53
AAATTTAAATTAAATTAA,0.54
AATTTAAATTAAATTAAA,0.55
ATTTAAATTAAATTAAAT,0.56
TTTAAATTAAATTAAATT,0.57
TTAAATTAAATTAAATTT,0.58
TAAATTAAATTAAATTAA,0.59
AAATTAAATTAAATTAAA,0.60
AATTAAATTAAATTAAAT,0.61
ATTAAATTAAATTAAATT,0.62
TTAAATTAAATTAAATTT,0.58
CCGGAAGGCCGGAAGGCC,0.88
CGGAAGGCCGGAAGGCCG,0.89
GGAAGGCCGGAAGGCCGG,0.90
GAAGGCCGGAAGGCCGGA,0.91
AAGGCCGGAAGGCCGGAA,0.92
AGGCCGGAAGGCCGGAAG,0.93
GGCCGGAAGGCCGGAAGG,0.94
GCCGGAAGGCCGGAAGGC,0.95
CCGGAAGGCCGGAAGGCC,0.88
CGGAAGGCCGGAAGGCCG,0.89
GGAAGGCCGGAAGGCCGG,0.90
GAAGGCCGGAAGGCCGGA,0.91
AAGGCCGGAAGGCCGGAA,0.92
AGGCCGGAAGGCCGGAAG,0.93
GGCCGGAAGGCCGGAAGG,0.94
GCCGGAAGGCCGGAAGGC,0.95
TTGGAACCTTGGAACCTT,0.65
TGGAACCTTGGAACCTTG,0.66
GGAACCTTGGAACCTTGG,0.67
GAACCTTGGAACCTTGGA,0.68
AACCTTGGAACCTTGGAA,0.69
ACCTTGGAACCTTGGAAC,0.70
CCTTGGAACCTTGGAACC,0.71
CTTGGAACCTTGGAACCT,0.72
TTGGAACCTTGGAACCTT,0.65
TGGAACCTTGGAACCTTG,0.66
GGAACCTTGGAACCTTGG,0.67
GAACCTTGGAACCTTGGA,0.68
AACCTTGGAACCTTGGAA,0.69
ACCTTGGAACCTTGGAAC,0.70
CCTTGGAACCTTGGAACC,0.71
CTTGGAACCTTGGAACCT,0.72
AAGCTTAAGCTTAAGCTT,0.73
AGCTTAAGCTTAAGCTTA,0.74
GCTTAAGCTTAAGCTTAA,0.75
CTTAAGCTTAAGCTTAAG,0.76
TTAAGCTTAAGCTTAAGC,0.77
TAAGCTTAAGCTTAAGCT,0.78
AAGCTTAAGCTTAAGCTT,0.73
AGCTTAAGCTTAAGCTTA,0.74
GCTTAAGCTTAAGCTTAA,0.75
CTTAAGCTTAAGCTTAAG,0.76
TTAAGCTTAAGCTTAAGC,0.77
TAAGCTTAAGCTTAAGCT,0.78
AAGCTTAAGCTTAAGCTT,0.73
AGCTTAAGCTTAAGCTTA,0.74
GCTTAAGCTTAAGCTTAA,0.75
CTTAAGCTTAAGCTTAAG,0.76
TTAAGCTTAAGCTTAAGC,0.77
TAAGCTTAAGCTTAAGCT,0.78
GGCCAATTGGCCAATTGG,0.67
GCCAATTGGCCAATTGGC,0.68
CCAATTGGCCAATTGGCC,0.69
CAATTGGCCAATTGGCCA,0.70
AATTGGCCAATTGGCCAA,0.71
ATTGGCCAATTGGCCAAT,0.72
TTGGCCAATTGGCCAATT,0.73
TGGCCAATTGGCCAATTG,0.74
GGCCAATTGGCCAATTGG,0.67
GCCAATTGGCCAATTGGC,0.68
CCAATTGGCCAATTGGCC,0.69
CAATTGGCCAATTGGCCA,0.70
AATTGGCCAATTGGCCAA,0.71
ATTGGCCAATTGGCCAAT,0.72
TTGGCCAATTGGCCAATT,0.73
TGGCCAATTGGCCAATTG,0.74
ACTGACTGACTGACTGAC,0.76
CTGACTGACTGACTGACT,0.77
TGACTGACTGACTGACTG,0.78
GACTGACTGACTGACTGA,0.79
ACTGACTGACTGACTGAC,0.76
CTGACTGACTGACTGACT,0.77
TGACTGACTGACTGACTG,0.78
GACTGACTGACTGACTGA,0.79
ACTGACTGACTGACTGAC,0.76
CTGACTGACTGACTGACT,0.77
TGACTGACTGACTGACTG,0.78
GACTGACTGACTGACTGA,0.79
ACTGACTGACTGACTGAC,0.76
CTGACTGACTGACTGACT,0.77
TGACTGACTGACTGACTG,0.78
GACTGACTGACTGACTGA,0.79
CGATCGATCGATCGATCG,0.80
GATCGATCGATCGATCGA,0.81
ATCGATCGATCGATCGAT,0.82
TCGATCGATCGATCGATC,0.83
CGATCGATCGATCGATCG,0.80
GATCGATCGATCGATCGA,0.81
ATCGATCGATCGATCGAT,0.82
TCGATCGATCGATCGATC,0.83
CGATCGATCGATCGATCG,0.80
GATCGATCGATCGATCGA,0.81
ATCGATCGATCGATCGAT,0.82
TCGATCGATCGATCGATC,0.83
CGATCGATCGATCGATCG,0.80
GATCGATCGATCGATCGA,0.81
ATCGATCGATCGATCGAT,0.82
TCGATCGATCGATCGATC,0.83
GGAATTCCGGAATTCCGG,0.84
GAATTCCGGAATTCCGGA,0.85
AATTCCGGAATTCCGGAA,0.86
ATTCCGGAATTCCGGAAT,0.87
TTCCGGAATTCCGGAATT,0.88
TCCGGAATTCCGGAATTC,0.89
CCGGAATTCCGGAATTCC,0.90
CGGAATTCCGGAATTCCG,0.91
GGAATTCCGGAATTCCGG,0.84
GAATTCCGGAATTCCGGA,0.85
AATTCCGGAATTCCGGAA,0.86
ATTCCGGAATTCCGGAAT,0.87
TTCCGGAATTCCGGAATT,0.88
TCCGGAATTCCGGAATTC,0.89
CCGGAATTCCGGAATTCC,0.90
CGGAATTCCGGAATTCCG,0.91
GGTACCGGTACCGGTACC,0.92
GTACCGGTACCGGTACCG,0.93
TACCGGTACCGGTACCGG,0.94
ACCGGTACCGGTACCGGT,0.95
CCGGTACCGGTACCGGTA,0.96
CGGTACCGGTACCGGTAC,0.97
GGTACCGGTACCGGTACC,0.92
GTACCGGTACCGGTACCG,0.93
TACCGGTACCGGTACCGG,0.94
ACCGGTACCGGTACCGGT,0.95
CCGGTACCGGTACCGGTA,0.96
CGGTACCGGTACCGGTAC,0.97
GGTACCGGTACCGGTACC,0.92
GTACCGGTACCGGTACCG,0.93
TACCGGTACCGGTACCGG,0.94
ACCGGTACCGGTACCGGT,0.95
CCGGTACCGGTACCGGTA,0.96
CGGTACCGGTACCGGTAC,0.97
AATTCCGGAATTCCGGAA,0.86
ATTCCGGAATTCCGGAAT,0.87
TTCCGGAATTCCGGAATT,0.88
TCCGGAATTCCGGAATTC,0.89
CCGGAATTCCGGAATTCC,0.90
CGGAATTCCGGAATTCCG,0.91
GGAATTCCGGAATTCCGG,0.84
GAATTCCGGAATTCCGGA,0.85
AATTCCGGAATTCCGGAA,0.86
ATTCCGGAATTCCGGAAT,0.87
TTCCGGAATTCCGGAATT,0.88
TCCGGAATTCCGGAATTC,0.89
CCGGAATTCCGGAATTCC,0.90
CGGAATTCCGGAATTCCG,0.91
GGAATTCCGGAATTCCGG,0.84
GAATTCCGGAATTCCGGA,0.85
AATTCCGGAATTCCGGAA,0.86
ATTCCGGAATTCCGGAAT,0.87
TTCCGGAATTCCGGAATT,0.88
TCCGGAATTCCGGAATTC,0.89
CCGGAATTCCGGAATTCC,0.90
CGGAATTCCGGAATTCCG,0.91
GGGGCCCCGGGGCCCCGG,0.95
GGGCCCCGGGGCCCCGGG,0.96
GGCCCCGGGGCCCCGGGG,0.97
GCCCCGGGGCCCCGGGGC,0.98
CCCCGGGGCCCCGGGGCC,0.99
CCCGGGGCCCCGGGGCCC,0.98
CCGGGGCCCCGGGGCCCC,0.97
CGGGGCCCCGGGGCCCCC,0.96
GGGGCCCCGGGGCCCCGG,0.95
GGGCCCCGGGGCCCCGGG,0.96
GGCCCCGGGGCCCCGGGG,0.97
GCCCCGGGGCCCCGGGGC,0.98
CCCCGGGGCCCCGGGGCC,0.99
CCCGGGGCCCCGGGGCCC,0.98
CCGGGGCCCCGGGGCCCC,0.97
CGGGGCCCCGGGGCCCCC,0.96
ATGCATGCATGCATGCAT,0.65
TGCATGCATGCATGCATG,0.66
GCATGCATGCATGCATGC,0.67
CATGCATGCATGCATGCA,0.68
ATGCATGCATGCATGCAT,0.65
TGCATGCATGCATGCATG,0.66
GCATGCATGCATGCATGC,0.67
CATGCATGCATGCATGCA,0.68
ATGCATGCATGCATGCAT,0.65
TGCATGCATGCATGCATG,0.66
GCATGCATGCATGCATGC,0.67
CATGCATGCATGCATGCA,0.68
ATGCATGCATGCATGCAT,0.65
TGCATGCATGCATGCATG,0.66
GCATGCATGCATGCATGC,0.67
CATGCATGCATGCATGCA,0.68
AAGGCCTTAAGGCCTTAA,0.72
AGGCCTTAAGGCCTTAAG,0.73
GGCCTTAAGGCCTTAAGG,0.74
GCCTTAAGGCCTTAAGGC,0.75
CCTTAAGGCCTTAAGGCC,0.76
CTTAAGGCCTTAAGGCCT,0.77
TTAAGGCCTTAAGGCCTT,0.78
TAAGGCCTTAAGGCCTTA,0.79
AAGGCCTTAAGGCCTTAA,0.72
AGGCCTTAAGGCCTTAAG,0.73
GGCCTTAAGGCCTTAAGG,0.74
GCCTTAAGGCCTTAAGGC,0.75
CCTTAAGGCCTTAAGGCC,0.76
CTTAAGGCCTTAAGGCCT,0.77
TTAAGGCCTTAAGGCCTT,0.78
TAAGGCCTTAAGGCCTTA,0.79
CGGTTAACCGGTTAACCG,0.80
GGTTAACCGGTTAACCGG,0.81
GTTAACCGGTTAACCGGT,0.82
TTAACCGGTTAACCGGTT,0.83
TAACCGGTTAACCGGTTA,0.84
AACCGGTTAACCGGTTAA,0.85
ACCGGTTAACCGGTTAAC,0.86
CCGGTTAACCGGTTAACC,0.87
CGGTTAACCGGTTAACCG,0.80
GGTTAACCGGTTAACCGG,0.81
GTTAACCGGTTAACCGGT,0.82
TTAACCGGTTAACCGGTT,0.83
TAACCGGTTAACCGGTTA,0.84
AACCGGTTAACCGGTTAA,0.85
ACCGGTTAACCGGTTAAC,0.86
CCGGTTAACCGGTTAACC,0.87
ATATCGATATATCGATAT,0.64
TATCGATATATCGATATA,0.65
ATCGATATATCGATATAT,0.66
TCGATATATCGATATACG,0.67
CGATATATCGATATACGA,0.68
GATATATCGATATACGAT,0.69
ATATATCGATATACGATA,0.70
TATATCGATATACGATAT,0.71
ATATCGATATATCGATAT,0.64
TATCGATATATCGATATA,0.65
ATCGATATATCGATATAT,0.66
TCGATATATCGATATACG,0.67
CGATATATCGATATACGA,0.68
GATATATCGATATACGAT,0.69
ATATATCGATATACGATA,0.70
TATATCGATATACGATAT,0.71
GGATCCGGATCCGGATCC,0.88
GATCCGGATCCGGATCCG,0.89
ATCCGGATCCGGATCCGG,0.90
TCCGGATCCGGATCCGGA,0.91
CCGGATCCGGATCCGGAT,0.92
CGGATCCGGATCCGGATC,0.93
GGATCCGGATCCGGATCC,0.88
GATCCGGATCCGGATCCG,0.89
ATCCGGATCCGGATCCGG,0.90
TCCGGATCCGGATCCGGA,0.91
CCGGATCCGGATCCGGAT,0.92
CGGATCCGGATCCGGATC,0.93
GGATCCGGATCCGGATCC,0.88
GATCCGGATCCGGATCCG,0.89
ATCCGGATCCGGATCCGG,0.90
TCCGGATCCGGATCCGGA,0.91
CCGGATCCGGATCCGGAT,0.92
CGGATCCGGATCCGGATC,0.93
AGTCAGTCAGTCAGTCAG,0.74
GTCAGTCAGTCAGTCAGT,0.75
TCAGTCAGTCAGTCAGTC,0.76
CAGTCAGTCAGTCAGTCA,0.77
AGTCAGTCAGTCAGTCAG,0.74
GTCAGTCAGTCAGTCAGT,0.75
TCAGTCAGTCAGTCAGTC,0.76
CAGTCAGTCAGTCAGTCA,0.77
AGTCAGTCAGTCAGTCAG,0.74
GTCAGTCAGTCAGTCAGT,0.75
TCAGTCAGTCAGTCAGTC,0.76
CAGTCAGTCAGTCAGTCA,0.77
AGTCAGTCAGTCAGTCAG,0.74
GTCAGTCAGTCAGTCAGT,0.75
TCAGTCAGTCAGTCAGTC,0.76
CAGTCAGTCAGTCAGTCA,0.77
GCTAAGCTAAGCTAAGCT,0.78
CTAAGCTAAGCTAAGCTA,0.79
TAAGCTAAGCTAAGCTAA,0.80
AAGCTAAGCTAAGCTAAG,0.81
AGCTAAGCTAAGCTAAGC,0.82
GCTAAGCTAAGCTAAGCT,0.78
CTAAGCTAAGCTAAGCTA,0.79
TAAGCTAAGCTAAGCTAA,0.80
AAGCTAAGCTAAGCTAAG,0.81
AGCTAAGCTAAGCTAAGC,0.82
GCTAAGCTAAGCTAAGCT,0.78
CTAAGCTAAGCTAAGCTA,0.79
TAAGCTAAGCTAAGCTAA,0.80
AAGCTAAGCTAAGCTAAG,0.81
AGCTAAGCTAAGCTAAGC,0.82
GCTAAGCTAAGCTAAGCT,0.78
CTAAGCTAAGCTAAGCTA,0.79
TAAGCTAAGCTAAGCTAA,0.80
AAGCTAAGCTAAGCTAAG,0.81
AGCTAAGCTAAGCTAAGC,0.82
TTGGATCCTTGGATCCTT,0.70
TGGATCCTTGGATCCTTG,0.71
GGATCCTTGGATCCTTGG,0.72
GATCCTTGGATCCTTGGA,0.73
ATCCTTGGATCCTTGGAT,0.74
TCCTTGGATCCTTGGATC,0.75
CCTTGGATCCTTGGATCC,0.76
CTTGGATCCTTGGATCCT,0.77
TTGGATCCTTGGATCCTT,0.70
TGGATCCTTGGATCCTTG,0.71
GGATCCTTGGATCCTTGG,0.72
GATCCTTGGATCCTTGGA,0.73
ATCCTTGGATCCTTGGAT,0.74
TCCTTGGATCCTTGGATC,0.75
CCTTGGATCCTTGGATCC,0.76
CTTGGATCCTTGGATCCT,0.77
GGCCTAAGCCGTAGCCTA,0.83
GCCTAAGCCGTAGCCTAG,0.84
CCTAAGCCGTAGCCTAGG,0.85
CTAAGCCGTAGCCTAGGC,0.86
TAAGCCGTAGCCTAGGCC,0.87
AAGCCGTAGCCTAGGCCT,0.88
AGCCGTAGCCTAGGCCTA,0.89
GCCGTAGCCTAGGCCTAG,0.90
GGCCTAAGCCGTAGCCTA,0.83
GCCTAAGCCGTAGCCTAG,0.84
CCTAAGCCGTAGCCTAGG,0.85
CTAAGCCGTAGCCTAGGC,0.86
TAAGCCGTAGCCTAGGCC,0.87
AAGCCGTAGCCTAGGCCT,0.88
AGCCGTAGCCTAGGCCTA,0.89
GCCGTAGCCTAGGCCTAG,0.90
CCGTACGGCCGTACGGCC,0.91
CGTACGGCCGTACGGCCG,0.92
GTACGGCCGTACGGCCGT,0.93
TACGGCCGTACGGCCGTA,0.94
ACGGCCGTACGGCCGTAC,0.95
CGGCCGTACGGCCGTACG,0.96
GGCCGTACGGCCGTACGG,0.97
GCCGTACGGCCGTACGGC,0.98
CCGTACGGCCGTACGGCC,0.91
CGTACGGCCGTACGGCCG,0.92
GTACGGCCGTACGGCCGT,0.93
TACGGCCGTACGGCCGTA,0.94
ACGGCCGTACGGCCGTAC,0.95
CGGCCGTACGGCCGTACG,0.96
GGCCGTACGGCCGTACGG,0.97
GCCGTACGGCCGTACGGC,0.98
AAAATTTTTCCCCCGGGG,0.61
AAATTTTTCCCCCGGGGA,0.62
AATTTTTCCCCCGGGGAA,0.63
ATTTTTCCCCCGGGGAAA,0.64
TTTTTCCCCCGGGGAAAA,0.65
TTTTCCCCCGGGGAAAAT,0.66
TTTCCCCCGGGGAAAATT,0.67
TTCCCCCGGGGAAAATTT,0.68
AAAATTTTTCCCCCGGGG,0.61
AAATTTTTCCCCCGGGGA,0.62
AATTTTTCCCCCGGGGAA,0.63
ATTTTTCCCCCGGGGAAA,0.64
TTTTTCCCCCGGGGAAAA,0.65
TTTTCCCCCGGGGAAAAT,0.66
TTTCCCCCGGGGAAAATT,0.67
TTCCCCCGGGGAAAATTT,0.68
GCGCGCGCATATATACTA,0.75
CGCGCGCATATATACTAG,0.76
GCGCGCATATATACTAGC,0.77
CGCGCATATATACTAGCG,0.78
GCGCATATATACTAGCGC,0.79
CGCATATATACTAGCGCG,0.80
GCATATATACTAGCGCGC,0.81
CATATATACTAGCGCGCG,0.82
GCGCGCGCATATATACTA,0.75
CGCGCGCATATATACTAG,0.76
GCGCGCATATATACTAGC,0.77
CGCGCATATATACTAGCG,0.78
GCGCATATATACTAGCGC,0.79
CGCATATATACTAGCGCG,0.80
GCATATATACTAGCGCGC,0.81
CATATATACTAGCGCGCG,0.82
ATCGATCGATCGATCGAT,0.72
TCGATCGATCGATCGATC,0.73
CGATCGATCGATCGATCG,0.74
GATCGATCGATCGATCGA,0.75
ATCGATCGATCGATCGAT,0.72
TCGATCGATCGATCGATC,0.73
CGATCGATCGATCGATCG,0.74
GATCGATCGATCGATCGA,0.75
ATCGATCGATCGATCGAT,0.72
TCGATCGATCGATCGATC,0.73
CGATCGATCGATCGATCG,0.74
GATCGATCGATCGATCGA,0.75
ATCGATCGATCGATCGAT,0.72
TCGATCGATCGATCGATC,0.73
CGATCGATCGATCGATCG,0.74
GATCGATCGATCGATCGA,0.75
GGAATTCCGGAATTCCGG,0.84
GAATTCCGGAATTCCGGA,0.85
AATTCCGGAATTCCGGAA,0.86
ATTCCGGAATTCCGGAAT,0.87
TTCCGGAATTCCGGAATT,0.88
TCCGGAATTCCGGAATTC,0.89
CCGGAATTCCGGAATTCC,0.90
CGGAATTCCGGAATTCCG,0.91
GGAATTCCGGAATTCCGG,0.84
GAATTCCGGAATTCCGGA,0.85
AATTCCGGAATTCCGGAA,0.86
ATTCCGGAATTCCGGAAT,0.87
TTCCGGAATTCCGGAATT,0.88
TCCGGAATTCCGGAATTC,0.89
CCGGAATTCCGGAATTCC,0.90
CGGAATTCCGGAATTCCG,0.91
ATATGGCCATATGGCCAT,0.69
TATGGCCATATGGCCATA,0.70
ATGGCCATATGGCCATAT,0.71
TGGCCATATGGCCATATG,0.72
GGCCATATGGCCATATGG,0.73
GCCATATGGCCATATGGC,0.74
CCATATGGCCATATGGCC,0.75
CATATGGCCATATGGCCA,0.76
ATATGGCCATATGGCCAT,0.69
TATGGCCATATGGCCATA,0.70
ATGGCCATATGGCCATAT,0.71
TGGCCATATGGCCATATG,0.72
GGCCATATGGCCATATGG,0.73
GCCATATGGCCATATGGC,0.74
CCATATGGCCATATGGCC,0.75
CATATGGCCATATGGCCA,0.76
ACCGGTACCGGTACCGGT,0.95
CCGGTACCGGTACCGGTA,0.96
CGGTACCGGTACCGGTAC,0.97
GGTACCGGTACCGGTACC,0.98
GTACCGGTACCGGTACCG,0.99
TACCGGTACCGGTACCGG,0.98
ACCGGTACCGGTACCGGT,0.95
CCGGTACCGGTACCGGTA,0.96
CGGTACCGGTACCGGTAC,0.97
GGTACCGGTACCGGTACC,0.98
GTACCGGTACCGGTACCG,0.99
TACCGGTACCGGTACCGG,0.98
ACCGGTACCGGTACCGGT,0.95
CCGGTACCGGTACCGGTA,0.96
CGGTACCGGTACCGGTAC,0.97
GGTACCGGTACCGGTACC,0.98
GTACCGGTACCGGTACCG,0.99
TACCGGTACCGGTACCGG,0.98